Date,Name,Year,Letterboxd URI,Rating
2014-02-10,Heathers,1989,https://boxd.it/26x4,5
2014-02-10,Meet the Spartans,2008,https://boxd.it/213S,1.5
2015-01-13,Exodus: Gods and Kings,2014,https://boxd.it/4FV0,3
2015-01-13,Case 39,2009,https://boxd.it/1pMq,4
2015-01-13,The Sleepwalker,2014,https://boxd.it/7bQ6,1
2015-01-13,You're Next,2011,https://boxd.it/2WWK,5
2015-01-13,Open Graves,2009,https://boxd.it/1ps6,2
2015-01-13,Legacy,2008,https://boxd.it/1iLq,0.5
2015-01-14,The Haunting in Connecticut,2009,https://boxd.it/1Gko,3.5
2015-01-14,The Haunting in Connecticut 2: Ghosts of Georgia,2013,https://boxd.it/4KfI,1
2015-01-17,John Wick,2014,https://boxd.it/7dEc,3.5
2015-01-17,Ouija,2014,https://boxd.it/77SM,2
2015-01-17,[REC],2007,https://boxd.it/20ma,4
2015-02-04,Cloverfield,2008,https://boxd.it/2192,4
2015-02-06,Triple Dog,2010,https://boxd.it/MDY,3.5
2015-02-13,The Possession,2012,https://boxd.it/2Hla,2.5
2015-02-16,The Quiet Ones,2014,https://boxd.it/5Q3A,2.5
2015-02-16,Mirrors,2008,https://boxd.it/1Q0y,2.5
2015-03-08,The Lazarus Effect,2015,https://boxd.it/7anW,3
2015-04-03,Insidious: Chapter 2,2013,https://boxd.it/3dqc,4
2015-04-16,The Resident,2011,https://boxd.it/D5S,2.5
2015-04-16,Loucas pra Casar,2015,https://boxd.it/7LaK,3
2015-06-07,The Ring Two,2005,https://boxd.it/1Wy2,3.5
2015-06-07,Drag Me to Hell,2009,https://boxd.it/1Jzw,5
2015-06-07,Pitch Perfect,2012,https://boxd.it/3OsE,4
2015-06-07,Sinister,2012,https://boxd.it/2TnW,3.5
2015-06-26,The Skeleton Key,2005,https://boxd.it/1XxE,5
2015-06-27,Pulse,2006,https://boxd.it/1Y44,1.5
2015-06-28,The Double,2013,https://boxd.it/4DLW,4
2015-06-30,The Number 23,2007,https://boxd.it/258C,3
2015-06-30,One Missed Call,2008,https://boxd.it/21jQ,3
2015-07-13,G.B.F.,2013,https://boxd.it/5mgE,4
2015-07-22,The House of the Devil,2009,https://boxd.it/1uIe,3
2015-08-03,Scary Movie 3,2003,https://boxd.it/24Be,4
2015-08-27,Disturbia,2007,https://boxd.it/20rk,3.5
2015-08-27,Cube,1997,https://boxd.it/2aoU,4.5
2015-09-04,4.3.2.1,2010,https://boxd.it/QS4,5
2015-09-04,Triangle,2009,https://boxd.it/1tQG,5
2015-09-05,Sinister 2,2015,https://boxd.it/8L58,3
2015-11-01,Dawn of the Dead,2004,https://boxd.it/29gK,4
2015-11-01,Scream 4,2011,https://boxd.it/Zmc,5
2015-11-01,Cursed,2005,https://boxd.it/1XiY,5
2015-11-01,Sorority Row,2009,https://boxd.it/1tn0,3
2015-11-01,A Nightmare on Elm Street,1984,https://boxd.it/2aw0,5
2015-11-01,A Nightmare on Elm Street Part 2: Freddy's Revenge,1985,https://boxd.it/1XiE,2.5
2015-11-01,Cry Wolf,2005,https://boxd.it/1X6S,5
2015-11-01,Liars All,2013,https://boxd.it/5US8,3.5
2015-11-01,Hollow Man,2000,https://boxd.it/1YP0,3.5
2015-11-01,Final Girl,2015,https://boxd.it/8sD6,2
2015-11-02,I Spit on Your Grave,2010,https://boxd.it/Tbs,4
2015-11-02,A Nightmare on Elm Street 3: Dream Warriors,1987,https://boxd.it/1X9W,4.5
2015-11-16,The Call,2013,https://boxd.it/4Xgu,3.5
2015-11-28,The Starving Games,2013,https://boxd.it/6FCG,1
2015-12-13,The Task,2011,https://boxd.it/qP4,2.5
2015-12-13,Disaster Movie,2008,https://boxd.it/1Pnc,3
2015-12-23,The Final Girls,2015,https://boxd.it/9gv2,5
2015-12-30,Casa Grande,2014,https://boxd.it/81AO,3
2015-12-30,The Visit,2015,https://boxd.it/9ssO,3.5
2016-01-02,Charlie's Angels,2000,https://boxd.it/24v6,5
2016-01-03,Charlie's Angels: Full Throttle,2003,https://boxd.it/1YB8,5
2016-01-12,The Second Mother,2015,https://boxd.it/9Ydm,5
2016-01-14,Romy and Michele's High School Reunion,1997,https://boxd.it/1Yf2,3.5
2016-01-15,The Sisterhood of the Traveling Pants,2005,https://boxd.it/1XPo,4
2016-05-27,Scary Movie 2,2001,https://boxd.it/24Cw,3
2016-05-27,The Gift,2015,https://boxd.it/aJMy,3
2016-05-27,Knights of Badassdom,2013,https://boxd.it/2AUM,2.5
2016-05-27,Jennifer's Body,2009,https://boxd.it/1Efw,5
2016-06-03,Coherence,2013,https://boxd.it/6xza,5
2016-06-03,The Boy,2016,https://boxd.it/apZi,2.5
2016-06-15,Annabelle,2014,https://boxd.it/7l84,1
2016-06-23,Magic in the Moonlight,2014,https://boxd.it/6Lko,3
2016-06-27,The Purge: Anarchy,2014,https://boxd.it/71zk,3.5
2016-06-29,The Fundamentals of Caring,2016,https://boxd.it/aiai,4.5
2016-07-02,Quarantine,2008,https://boxd.it/1Pmo,2.5
2016-07-03,Quarantine 2: Terminal,2011,https://boxd.it/iPA,2.5
2016-07-10,Dorothy Mills,2008,https://boxd.it/1LBY,3
2016-07-10,Wet Hot American Summer,2001,https://boxd.it/27hw,3.5
2016-07-17,Finding Dory,2016,https://boxd.it/4aAA,4
2016-07-17,Freddy vs. Jason,2003,https://boxd.it/21FC,3
2016-07-23,House on Haunted Hill,1999,https://boxd.it/1TZE,1
2016-07-25,Mono,2016,https://boxd.it/efX0,1.5
2016-07-27,The Invitation,2015,https://boxd.it/9OUU,3
2016-07-27,Oldboy,2003,https://boxd.it/29R2,5
2016-07-28,The Evil Dead,1981,https://boxd.it/29Go,5
2016-07-30,Would You Rather,2012,https://boxd.it/3m0W,2.5
2016-07-30,Faces in the Crowd,2011,https://boxd.it/2tbg,3.5
2016-07-31,Bad Night,2015,https://boxd.it/bHk0,3
2016-08-05,The Babadook,2014,https://boxd.it/77xu,4.5
2016-08-10,Suicide Squad,2016,https://boxd.it/9row,3
2016-08-12,Lights Out,2013,https://boxd.it/7GU4,3
2016-08-23,The Culling,2015,https://boxd.it/9WsY,1
2016-08-26,Holidays,2016,https://boxd.it/avB2,2.5
2016-09-01,Starry Eyes,2014,https://boxd.it/7t3Q,4
2016-09-02,The Secret Life of Pets,2016,https://boxd.it/aJ5E,3
2016-09-02,ATM,2012,https://boxd.it/3aeM,1
2016-09-04,Miss You Already,2015,https://boxd.it/96B0,4
2016-09-04,Teen Spirit,2011,https://boxd.it/2mHk,2.5
2016-09-07,A Christmas Carol,2009,https://boxd.it/1HKW,3.5
2016-09-07,Manhole,2014,https://boxd.it/8ivG,2
2016-09-09,Aquarius,2016,https://boxd.it/d6YQ,4.5
2016-09-10,Ginger & Rosa,2012,https://boxd.it/41Ig,3.5
2016-09-22,Knock Knock,2015,https://boxd.it/7Q9s,2.5
2016-09-24,The Game,1997,https://boxd.it/26vC,3.5
2016-09-24,Most Likely to Die,2015,https://boxd.it/bFlg,1
2016-09-25,Storks,2016,https://boxd.it/aUo8,4
2016-10-02,Tomboy,2011,https://boxd.it/49U,4.5
2016-10-04,12 Angry Men,1957,https://boxd.it/2auI,4.5
2016-10-07,Lights Out,2016,https://boxd.it/bAHc,2.5
2016-10-08,Night of the Demons,1988,https://boxd.it/1wLO,4
2016-10-09,Requirements to Be a Normal Person,2015,https://boxd.it/aRV4,4
2016-10-11,Lila & Eve,2015,https://boxd.it/9VEu,3
2016-10-12,The Silenced,2015,https://boxd.it/brx8,2
2016-10-13,Juno,2007,https://boxd.it/210a,3
2016-10-14,It Follows,2014,https://boxd.it/87wo,4
2016-10-14,Saved!,2004,https://boxd.it/1QCM,4
2016-10-14,Clueless,1995,https://boxd.it/1Ygk,4.5
2016-10-14,Safety Not Guaranteed,2012,https://boxd.it/2Y3M,4
2016-10-14,Turistas,2006,https://boxd.it/1XMY,2.5
2016-10-14,Eden Lake,2008,https://boxd.it/1Q1m,2.5
2016-10-14,P2,2007,https://boxd.it/1Q6m,3
2016-10-14,The Cabin in the Woods,2011,https://boxd.it/1zOc,5
2016-10-14,Scorned,2013,https://boxd.it/77aK,4
2016-10-14,The Wicked,2013,https://boxd.it/4hkE,2.5
2016-10-14,The Strangers,2008,https://boxd.it/1VGY,4
2016-10-14,9,2009,https://boxd.it/1Scm,3.5
2016-10-14,Tales of Halloween,2015,https://boxd.it/9OWw,3
2016-10-16,The Purge,2013,https://boxd.it/4Xg0,1.5
2016-10-17,Ringu,1998,https://boxd.it/26tw,2
2016-10-18,The Grudge,2004,https://boxd.it/27Jq,2.5
2016-10-19,Scott Pilgrim vs. the World,2010,https://boxd.it/1Aq6,5
2016-10-19,Gothika,2003,https://boxd.it/23y4,3
2016-10-21,The First Time,2012,https://boxd.it/2XLS,3
2016-10-29,Crimson Peak,2015,https://boxd.it/62Ty,4
2016-10-29,White Chicks,2004,https://boxd.it/1SpK,4
2016-10-29,Ginger Snaps,2000,https://boxd.it/1XEg,4
2016-10-30,The Conjuring 2,2016,https://boxd.it/7GJg,3
2016-11-01,Dead End,2003,https://boxd.it/1TRK,2.5
2016-11-06,American Reflexxx,2015,https://boxd.it/bato,4.5
2016-11-08,Scream,1996,https://boxd.it/24EC,5
2016-11-19,Lemony Snicket's A Series of Unfortunate Events,2004,https://boxd.it/1T7s,4.5
2016-11-21,Julie & Julia,2009,https://boxd.it/1wXg,3
2016-11-22,The Kids Are All Right,2010,https://boxd.it/13f0,3
2016-11-30,I Killed My Mother,2009,https://boxd.it/1ubO,3.5
2016-12-10,Little Sister,2016,https://boxd.it/dgaG,3
2016-12-10,Sanjay's Super Team,2015,https://boxd.it/bA6A,3
2016-12-12,The Little Rascals,1994,https://boxd.it/1V8i,3
2017-01-02,Going the Distance,2010,https://boxd.it/16Pq,3
2017-01-03,Puella Magi Madoka Magica the Movie Part III: Rebellion,2013,https://boxd.it/6kx6,4
2017-01-03,Puella Magi Madoka Magica the Movie Part I: Beginnings,2012,https://boxd.it/4Nam,4
2017-01-03,Puella Magi Madoka Magica the Movie Part II: Eternal,2012,https://boxd.it/4Naw,4
2017-01-05,Train to Busan,2016,https://boxd.it/dSQU,4
2017-01-06,Sixteen Candles,1984,https://boxd.it/1MJk,2
2017-01-07,Emelie,2015,https://boxd.it/aLiA,3.5
2017-01-10,Moana,2016,https://boxd.it/8tfY,4.5
2017-01-11,Inner Workings,2016,https://boxd.it/ejs6,3
2017-01-12,Coin Heist,2017,https://boxd.it/fd4u,2.5
2017-01-16,Sing Street,2016,https://boxd.it/cOo6,5
2017-01-17,Life After Beth,2014,https://boxd.it/7bqM,2.5
2017-01-17,Another Earth,2011,https://boxd.it/rRA,2
2017-01-18,Jem and the Holograms,2015,https://boxd.it/7XXE,2.5
2017-01-19,The Graduate,1967,https://boxd.it/18Im,3.5
2017-01-21,Silver Linings Playbook,2012,https://boxd.it/2TTo,0.5
2017-01-25,Nanny McPhee,2005,https://boxd.it/1Uek,3.5
2017-01-25,The Virgin Suicides,1999,https://boxd.it/28JG,2
2017-01-28,Date Night,2010,https://boxd.it/2l5a,3
2017-01-28,13 Going on 30,2004,https://boxd.it/1X6e,4.5
2017-01-29,You Again,2010,https://boxd.it/16iw,3.5
2017-02-01,Wristcutters: A Love Story,2006,https://boxd.it/1QBY,3
2017-02-03,Under the Shadow,2016,https://boxd.it/d1uG,2.5
2017-02-06,Secret Society of Souptown,2015,https://boxd.it/biQK,5
2017-02-07,Ballerina,2016,https://boxd.it/bpga,3.5
2017-02-08,The Lure,2015,https://boxd.it/d3mE,4
2017-02-08,Neurotic Quest for Serenity,2017,https://boxd.it/cjuW,4
2017-02-08,Rings,2017,https://boxd.it/1NQ2,2
2017-02-08,Very Good Girls,2013,https://boxd.it/2sQW,1
2017-02-09,Hidden Figures,2016,https://boxd.it/dgS4,4.5
2017-02-09,Hell or High Water,2016,https://boxd.it/bfGM,3
2017-02-09,Arrival,2016,https://boxd.it/aNGk,5
2017-02-10,The Edge of Seventeen,2016,https://boxd.it/d5nu,4
2017-02-10,Black Swan,2010,https://boxd.it/Sw0,5
2017-02-11,Axe: Music of a People,2017,https://boxd.it/eQVg,4
2017-02-12,Manchester by the Sea,2016,https://boxd.it/b2L0,4.5
2017-02-12,Kubo and the Two Strings,2016,https://boxd.it/a4wE,5
2017-02-13,Don't Hang Up,2016,https://boxd.it/d2kC,1
2017-02-14,Basic Sanitation: The Movie,2007,https://boxd.it/1oC,4
2017-02-15,The Lobster,2015,https://boxd.it/7tnw,4
2017-02-15,Never Been Kissed,1999,https://boxd.it/1U3c,3.5
2017-02-16,Don't Breathe,2016,https://boxd.it/9yzw,3
2017-02-17,Nerve,2016,https://boxd.it/aJIc,3
2017-02-19,The Mermaid,2016,https://boxd.it/di0S,4
2017-02-20,The Brothers Grimm,2005,https://boxd.it/24kW,3
2017-02-22,20th Century Women,2016,https://boxd.it/bqU6,4.5
2017-02-22,Jackie,2016,https://boxd.it/d6bu,4.5
2017-02-23,A Date for Mad Mary,2016,https://boxd.it/egeg,4.5
2017-02-23,"Definitely, Maybe",2008,https://boxd.it/20eU,4
2017-02-24,Aquamarine,2006,https://boxd.it/1OAE,4.5
2017-02-24,Music and Lyrics,2007,https://boxd.it/1Usw,4.5
2017-02-25,Dark Water,2005,https://boxd.it/1Zou,2.5
2017-02-25,Big Hero 6,2014,https://boxd.it/5rje,3
2017-02-25,Spy Kids,2001,https://boxd.it/1Xcw,3.5
2017-02-25,Spy Kids 2: The Island of Lost Dreams,2002,https://boxd.it/1Yyo,5
2017-02-26,Spy Kids 3-D: Game Over,2003,https://boxd.it/1S7w,3
2017-02-26,Wild Child,2008,https://boxd.it/1P0C,5
2017-02-26,XX,2017,https://boxd.it/9pU6,2
2017-02-26,Don't Call Me Son,2016,https://boxd.it/djN2,2
2017-02-27,Vampires Suck,2010,https://boxd.it/125y,1.5
2017-02-27,The SpongeBob SquarePants Movie,2004,https://boxd.it/1SYq,5
2017-02-27,Moonlight,2016,https://boxd.it/d6bE,5
2017-02-28,I Don't Feel at Home in This World Anymore,2017,https://boxd.it/f42u,3.5
2017-02-28,La La Land,2016,https://boxd.it/a5fa,2
2017-03-01,D.E.B.S.,2004,https://boxd.it/2aaS,5
2017-03-01,Suspiria,1977,https://boxd.it/1SNW,4.5
2017-03-02,The Adventures of Sharkboy and Lavagirl,2005,https://boxd.it/1Ozm,2
2017-03-02,Mistress America,2015,https://boxd.it/9UfS,4
2017-03-03,Confessions of a Shopaholic,2009,https://boxd.it/1E9e,3.5
2017-03-03,Who Killed Eloá?,2015,https://boxd.it/fmsU,4
2017-03-03,Sleepover,2004,https://boxd.it/1XAS,5
2017-03-06,Truth or Dare,2012,https://boxd.it/3snW,3
2017-03-06,Smiley Face,2007,https://boxd.it/1QG0,4
2017-03-07,Red Balloon,2010,https://boxd.it/6GH8,1
2017-03-09,Drop Dead Gorgeous,1999,https://boxd.it/1W8e,3.5
2017-03-10,The Truman Show,1998,https://boxd.it/18U8,4
2017-03-10,#Horror,2015,https://boxd.it/9AhO,3.5
2017-03-11,The Rocky Horror Picture Show,1975,https://boxd.it/1a3q,3.5
2017-03-11,Bachelorette,2012,https://boxd.it/2XEs,4
2017-03-11,Repo! The Genetic Opera,2008,https://boxd.it/1Ogu,5
2017-03-12,Pink Flamingos,1972,https://boxd.it/29NO,2
2017-03-15,Earth to Echo,2014,https://boxd.it/71uO,3.5
2017-03-15,The Last Mimzy,2007,https://boxd.it/2730,2.5
2017-03-16,Female Trouble,1974,https://boxd.it/1Oqk,4
2017-03-18,Beauty and the Beast,2017,https://boxd.it/ar0c,4
2017-03-19,Her Story,2016,https://boxd.it/dprQ,5
2017-03-19,The Iron Lady,2011,https://boxd.it/2qli,2
2017-03-21,The Orphanage,2007,https://boxd.it/2bfE,3
2017-03-24,I Give It a Year,2013,https://boxd.it/4KaS,3
2017-03-25,Split,2016,https://boxd.it/dgSy,2.5
2017-03-25,Power Rangers,2017,https://boxd.it/9KKc,4
2017-03-27,Twinsters,2015,https://boxd.it/axpi,3.5
2017-03-29,Tokyo Godfathers,2003,https://boxd.it/1Qg2,4
2017-03-30,Shut In,2016,https://boxd.it/aNX6,2
2017-04-01,Ghost in the Shell,1995,https://boxd.it/1YYc,1.5
2017-04-01,The Purge: Election Year,2016,https://boxd.it/ae5I,2
2017-04-07,The Clique,2008,https://boxd.it/1dOE,3
2017-04-11,Hell No,2013,https://boxd.it/7rhc,2.5
2017-04-11,Perfect Blue,1997,https://boxd.it/1W7A,3
2017-04-11,My Neighbor Totoro,1988,https://boxd.it/20eA,5
2017-04-12,Castle in the Sky,1986,https://boxd.it/1W4G,4.5
2017-04-16,Kiki's Delivery Service,1989,https://boxd.it/1JAY,5
2017-04-18,Porco Rosso,1992,https://boxd.it/1Tp2,4
2017-04-19,Hellions,2015,https://boxd.it/76Yk,1.5
2017-04-20,Beauty and the Beast,1991,https://boxd.it/1XhG,4
2017-04-20,Only Yesterday,1991,https://boxd.it/1MR4,4.5
2017-04-22,Corpse Party,2015,https://boxd.it/d2Rc,4.5
2017-04-24,Like Crazy,2011,https://boxd.it/g4s,2
2017-04-26,Ocean Waves,1993,https://boxd.it/1CtQ,3
2017-04-28,The Toyman Killer,2013,https://boxd.it/7GLm,1.5
2017-04-28,Lilo & Stitch,2002,https://boxd.it/1TAY,4.5
2017-04-29,Whisper of the Heart,1995,https://boxd.it/17uy,5
2017-04-30,Princess Mononoke,1997,https://boxd.it/2b4w,4
2017-05-01,My Neighbors the Yamadas,1999,https://boxd.it/1KC2,3.5
2017-05-05,Spirited Away,2001,https://boxd.it/2b4m,5
2017-05-06,The Witch,2015,https://boxd.it/9X0m,5
2017-05-06,Howl's Moving Castle,2004,https://boxd.it/23De,4.5
2017-05-08,The Blackcoat's Daughter,2015,https://boxd.it/b2Km,5
2017-05-09,Touchy Feely,2013,https://boxd.it/4QMe,3.5
2017-05-10,I Am the Pretty Thing That Lives in the House,2016,https://boxd.it/elo6,2
2017-05-13,What Is Cinema?,2013,https://boxd.it/6vIu,2.5
2017-05-18,Revolution of 30,1980,https://boxd.it/9aIu,1.5
2017-05-18,Ponyo,2008,https://boxd.it/1S0A,4.5
2017-05-20,Pandora's Box,1929,https://boxd.it/29jE,3.5
2017-05-20,Lilo & Stitch 2: Stitch Has a Glitch,2005,https://boxd.it/1CXw,3
2017-05-22,The Texas Chain Saw Massacre,1974,https://boxd.it/1lcS,5
2017-05-23,The Texas Chainsaw Massacre 2,1986,https://boxd.it/1Kk8,1.5
2017-05-23,Free Samples,2012,https://boxd.it/3Bps,2
2017-05-26,Raw,2016,https://boxd.it/dLd2,4.5
2017-05-26,Ares,2016,https://boxd.it/eE9E,1
2017-05-27,Sunset Boulevard,1950,https://boxd.it/2a20,4.5
2017-05-27,Before I Go to Sleep,2014,https://boxd.it/69du,4
2017-05-28,7 Witches,2017,https://boxd.it/g9xE,0.5
2017-05-28,Leatherface: The Texas Chainsaw Massacre III,1990,https://boxd.it/1wyK,2.5
2017-05-28,Oculus,2013,https://boxd.it/4W9M,5
2017-05-30,Lovesong,2016,https://boxd.it/cSSY,4.5
2017-05-31,Jeepers Creepers,2001,https://boxd.it/1ZAg,2.5
2017-06-01,Get Out,2017,https://boxd.it/eOCm,5
2017-06-03,Barely Lethal,2015,https://boxd.it/7hMu,2.5
2017-06-04,Behaving Badly,2014,https://boxd.it/7F7g,0.5
2017-06-04,Gone Girl,2014,https://boxd.it/6hQu,5
2017-06-06,Possibly in Michigan,1983,https://boxd.it/aXA2,5
2017-06-10,After Porn Ends,2012,https://boxd.it/3GEC,2
2017-06-11,Cream,2017,https://boxd.it/gq0M,4
2017-06-14,I Love You Both,2016,https://boxd.it/bFbK,3.5
2017-06-17,The Wave,2015,https://boxd.it/baoo,3
2017-06-20,OK,2007,https://boxd.it/5H08,2
2017-06-20,The Neon Demon,2016,https://boxd.it/9AnW,2.5
2017-06-21,Song to Song,2017,https://boxd.it/aR5C,1.5
2017-06-22,#twitterkills,2014,https://boxd.it/bWIw,3
2017-06-24,Nine Lives,2016,https://boxd.it/asya,3
2017-06-25,Goodnight Mommy,2014,https://boxd.it/8Niy,1
2017-06-28,Pet,2016,https://boxd.it/bWhK,3.5
2017-06-28,The Wizard of Oz,1939,https://boxd.it/29Xu,5
2017-06-29,Too Many Cooks,2014,https://boxd.it/9AIK,3
2017-06-30,Sucker Punch,2011,https://boxd.it/1yYg,5
2017-07-02,It Comes at Night,2017,https://boxd.it/eLuk,4
2017-07-03,An Open Secret,2014,https://boxd.it/9hOE,3.5
2017-07-04,Texas Chainsaw Massacre: The Next Generation,1995,https://boxd.it/1JH6,1
2017-07-07,Dear White People,2014,https://boxd.it/3Ps6,3
2017-07-08,Out of Sight,2010,https://boxd.it/4jKu,4
2017-07-09,The Texas Chainsaw Massacre,2003,https://boxd.it/1YQs,5
2017-07-11,Tokyo Idols,2017,https://boxd.it/fmvY,3.5
2017-07-13,The Fits,2015,https://boxd.it/cacO,4
2017-07-14,Wendy and Lucy,2008,https://boxd.it/1Zx2,4.5
2017-07-15,A Touch of Sin,2013,https://boxd.it/5Fvo,2
2017-07-18,12 Feet Deep,2017,https://boxd.it/gq9k,1
2017-07-22,Three Times,2005,https://boxd.it/1Tzm,3
2017-07-25,The Texas Chainsaw Massacre: The Beginning,2006,https://boxd.it/1VpI,3
2017-07-28,Baby Driver,2017,https://boxd.it/bhF2,5
2017-07-31,Blue Jasmine,2013,https://boxd.it/50MI,3
2017-08-02,In a Heartbeat,2017,https://boxd.it/ggzW,5
2017-08-02,Hoax,2016,https://boxd.it/gsx4,2.5
2017-08-02,Room,2015,https://boxd.it/7T0y,4.5
2017-08-03,Mindr,2017,https://boxd.it/gNP4,1
2017-08-03,Jeepers Creepers 2,2003,https://boxd.it/1U3Q,1
2017-08-05,To Die For,1995,https://boxd.it/2a5o,4.5
2017-08-08,The Last Five Years,2014,https://boxd.it/6boO,3.5
2017-08-12,Where Do We Go Now?,2011,https://boxd.it/2GgS,5
2017-08-14,Monster,2003,https://boxd.it/2afy,4
2017-08-14,The Stranger Within,2013,https://boxd.it/5f3S,0.5
2017-08-15,The Italian Job,2003,https://boxd.it/1Y86,2.5
2017-08-15,Authors Anonymous,2014,https://boxd.it/7wvI,3.5
2017-08-16,Salt,2010,https://boxd.it/1rtK,3
2017-08-16,50 First Dates,2004,https://boxd.it/285c,4.5
2017-08-17,Fired Up!,2009,https://boxd.it/1HPi,3
2017-08-18,Boys and Girls,2000,https://boxd.it/1VVE,2.5
2017-08-18,Just Like Heaven,2005,https://boxd.it/1ZoO,4.5
2017-08-18,Road Trip,2000,https://boxd.it/1Z4a,1.5
2017-08-19,Up in the Air,2009,https://boxd.it/1zPY,5
2017-08-22,Young Adult,2011,https://boxd.it/nn2,3.5
2017-08-23,Christmas in Conway,2013,https://boxd.it/75h0,3.5
2017-08-23,Liberal Arts,2012,https://boxd.it/2Y7O,1
2017-08-24,Drillbit Taylor,2008,https://boxd.it/207u,2
2017-08-25,Shutter Island,2010,https://boxd.it/1U82,3
2017-08-25,Hotel for Dogs,2009,https://boxd.it/1MEa,2.5
2017-08-26,Man Up,2015,https://boxd.it/aWkW,4
2017-08-29,The Exorcism of Emily Rose,2005,https://boxd.it/200I,3.5
2017-08-30,How to Lose a Guy in 10 Days,2003,https://boxd.it/1XwG,3.5
2017-08-30,Léon: The Professional,1994,https://boxd.it/2b8S,5
2017-09-01,Superbad,2007,https://boxd.it/20hO,3.5
2017-09-01,From Dusk Till Dawn,1996,https://boxd.it/29HQ,2
2017-09-01,The Terminal,2004,https://boxd.it/2a2O,3
2017-09-01,In My Dreams,2014,https://boxd.it/7XfC,3
2017-09-01,The Social Network,2010,https://boxd.it/17ue,5
2017-09-01,Mean Girls,2004,https://boxd.it/1VNg,5
2017-09-09,Quiet City,2007,https://boxd.it/M58,2.5
2017-09-09,Funny Ha Ha,2002,https://boxd.it/1f1a,3
2017-09-12,Descendants,2015,https://boxd.it/8rMm,4
2017-09-12,Descendants 2,2017,https://boxd.it/eJMG,3
2017-09-16,Donnie Darko,2001,https://boxd.it/2b2A,4
2017-09-18,Hush,2016,https://boxd.it/d5ys,3.5
2017-09-18,It,2017,https://boxd.it/bC8e,4.5
2017-09-19,Morgan,2016,https://boxd.it/d6Yw,3
2017-09-19,Black Mirror: San Junipero,2016,https://boxd.it/h634,5
2017-09-19,John Wick: Chapter 2,2017,https://boxd.it/ayGu,3
2017-09-19,Annabelle: Creation,2017,https://boxd.it/dSxe,2.5
2017-09-20,A Ghost Story,2017,https://boxd.it/fb0K,4
2017-09-20,Drinking Buddies,2013,https://boxd.it/5jhk,0.5
2017-09-20,The Autopsy of Jane Doe,2016,https://boxd.it/dUu2,3
2017-09-21,Body,2015,https://boxd.it/a8b6,2
2017-09-24,Texas Chainsaw 3D,2013,https://boxd.it/2E7O,2
2017-09-30,Gerald's Game,2017,https://boxd.it/buKa,3.5
2017-10-03,The Witches,1990,https://boxd.it/1WVg,3.5
2017-10-04,Psycho Beach Party,2000,https://boxd.it/1r7E,4
2017-10-05,A Fantastic Woman,2017,https://boxd.it/fcGi,4
2017-10-06,Summer Camp,2015,https://boxd.it/9OWG,1.5
2017-10-07,Blue Jay,2016,https://boxd.it/enEq,3.5
2017-10-07,Violet & Daisy,2011,https://boxd.it/3df4,5
2017-10-08,The Little Hours,2017,https://boxd.it/ewec,2.5
2017-10-09,Kicking and Screaming,1995,https://boxd.it/1pHK,1.5
2017-10-10,Nada Será Como Antes,2016,https://boxd.it/hfUG,3.5
2017-10-11,Behind the 'Scream',2000,https://boxd.it/8Fzc,4
2017-10-12,Your Name.,2016,https://boxd.it/cUqs,5
2017-10-13,Cruel Intentions,1999,https://boxd.it/29Be,3.5
2017-10-13,Cruel Intentions 2,2000,https://boxd.it/235c,1.5
2017-10-14,Habilitado para Morrer,2017,https://boxd.it/gXmm,2
2017-10-16,Better Watch Out,2016,https://boxd.it/ekeO,4
2017-10-16,The Babysitter,2017,https://boxd.it/eP1w,3.5
2017-10-16,Meus 15 Anos,2017,https://boxd.it/gn26,3
2017-10-16,"Like Sunday, Like Rain",2014,https://boxd.it/6ELM,4
2017-10-17,The Diary of a Teenage Girl,2015,https://boxd.it/7kru,1
2017-10-18,Dead Set,2008,https://boxd.it/5ppu,3
2017-10-19,Logan Lucky,2017,https://boxd.it/dZrs,4
2017-10-19,Happy Death Day,2017,https://boxd.it/fDz4,4
2017-10-20,The Club of the Misunderstood,2014,https://boxd.it/7Kie,3
2017-10-20,Scare Campaign,2016,https://boxd.it/cPY0,2.5
2017-10-21,Detention,2011,https://boxd.it/2cHk,5
2017-10-21,Rough Night,2017,https://boxd.it/dV0W,3
2017-10-21,Love Is All You Need?,2011,https://boxd.it/7dYw,3
2017-10-22,Child's Play,1988,https://boxd.it/1VTo,2.5
2017-10-22,Child's Play 2,1990,https://boxd.it/1Uqq,4.5
2017-10-22,Why Does God Hate Me?,2011,https://boxd.it/fO9G,3.5
2017-10-23,Time Lapse,2014,https://boxd.it/8hCQ,3.5
2017-10-24,Sister Cities,2016,https://boxd.it/bHFM,3
2017-10-24,Super 8,2011,https://boxd.it/dVI,4
2017-10-25,Not Your Girls,2017,https://boxd.it/hl0a,3
2017-10-25,Ingrid Goes West,2017,https://boxd.it/evUQ,5
2017-10-25,Atomic Blonde,2017,https://boxd.it/blDk,1
2017-10-25,Obvious Child,2014,https://boxd.it/7i3A,5
2017-10-26,Home Again,2017,https://boxd.it/f9QE,4
2017-10-26,Life Partners,2014,https://boxd.it/7HvO,3.5
2017-10-27,Into the Forest,2015,https://boxd.it/b2KG,2
2017-10-27,Coraline,2009,https://boxd.it/1NhQ,5
2017-10-27,Landline,2017,https://boxd.it/eOYM,3
2017-10-28,Take Me,2017,https://boxd.it/f5FC,1
2017-10-31,Miss Stevens,2016,https://boxd.it/bBq2,4
2017-11-01,Stoker,2013,https://boxd.it/34S2,5
2017-11-02,What If,2013,https://boxd.it/6ljk,3
2017-11-02,A Comédia Divina,2017,https://boxd.it/evXU,1.5
2017-11-03,28 Weeks Later,2007,https://boxd.it/28Bi,3
2017-11-03,28 Days Later,2002,https://boxd.it/2aXU,2.5
2017-11-03,To the Bone,2017,https://boxd.it/e5AK,3.5
2017-11-03,Viral,2016,https://boxd.it/b9m2,4
2017-11-03,Mothers and Daughters,2016,https://boxd.it/3GMm,0.5
2017-11-03,Frances Ha,2012,https://boxd.it/41Xg,5
2017-11-03,Child's Play 3,1991,https://boxd.it/1Uqg,3.5
2017-11-04,Zuzu Angel,2006,https://boxd.it/2mxE,4
2017-11-04,Phoenix Forgotten,2017,https://boxd.it/fM1q,3
2017-11-04,I Believe in Unicorns,2014,https://boxd.it/7qGA,3
2017-11-05,Remember Sunday,2013,https://boxd.it/5HOW,3
2017-11-05,Girls Trip,2017,https://boxd.it/eL4G,4.5
2017-11-05,"For a Good Time, Call...",2012,https://boxd.it/2XLI,4.5
2017-11-07,The Year My Parents Went on Vacation,2006,https://boxd.it/1O8A,4
2017-11-07,Tucker: The Man and His Dream,1988,https://boxd.it/1q4u,2.5
2017-11-07,Sleeping with Other People,2015,https://boxd.it/8WPm,3.5
2017-11-08,Hour of the Star,1985,https://boxd.it/XUQ,3.5
2017-11-08,Nightcrawler,2014,https://boxd.it/780m,4.5
2017-11-09,Deidra & Laney Rob a Train,2017,https://boxd.it/fbDM,4
2017-11-09,Brainstorm,2000,https://boxd.it/vlo,3
2017-11-09,Now You See Me 2,2016,https://boxd.it/99fw,3
2017-11-09,Jeepers Creepers 3,2017,https://boxd.it/s3Q,0.5
2017-11-09,The Meddler,2015,https://boxd.it/bb40,5
2017-11-10,Table 19,2017,https://boxd.it/bUlK,3
2017-11-10,Brooklyn,2015,https://boxd.it/5bdk,4
2017-11-11,Kristy,2014,https://boxd.it/4E58,3
2017-11-11,Mulholland Drive,2001,https://boxd.it/297o,5
2017-11-12,Come Swim,2017,https://boxd.it/ftyA,3.5
2017-11-12,The Fallen Member,2012,https://boxd.it/fTCS,2
2017-11-14,Bingo: The King of the Mornings,2017,https://boxd.it/fcGs,4
2017-11-14,D.P.A. Detetives do Prédio Azul - O Filme,2017,https://boxd.it/dEKo,2.5
2017-11-15,Good Time,2017,https://boxd.it/fcFu,4.5
2017-11-17,Saw,2003,https://boxd.it/7eiG,2
2017-11-17,Saw,2004,https://boxd.it/2aWW,3.5
2017-11-17,Saw II,2005,https://boxd.it/2aRs,4
2017-11-17,Highball,1997,https://boxd.it/S4A,0.5
2017-11-18,Pom Poko,1994,https://boxd.it/1Mvi,4
2017-11-18,The Cat Returns,2002,https://boxd.it/1Mne,4.5
2017-11-21,Rings,2005,https://boxd.it/3dNA,4
2017-11-22,Around You,2016,https://boxd.it/hzz4,5
2017-11-25,Drive,2011,https://boxd.it/IG,1
2017-11-25,The Out List,2013,https://boxd.it/6lz8,2.5
2017-11-26,Tanner Hall,2009,https://boxd.it/2pSK,2
2017-11-29,Maps to the Stars,2014,https://boxd.it/4WCu,3.5
2017-12-02,Napoleon Dynamite,2004,https://boxd.it/20wu,0.5
2017-12-03,Wonder,2017,https://boxd.it/ekeY,4
2017-12-04,Bad Moms,2016,https://boxd.it/d5nk,2.5
2017-12-10,Bride of Chucky,1998,https://boxd.it/1SJU,2
2017-12-10,Seed of Chucky,2004,https://boxd.it/1UgA,4
2017-12-13,Snake Bite,2016,https://boxd.it/eORm,3.5
2017-12-14,"Yes, God, Yes",2017,https://boxd.it/eTYM,3
2017-12-14,Larry,2017,https://boxd.it/hIb6,2
2017-12-14,Past the Second Stage,2016,https://boxd.it/hKlW,1
2017-12-15,The Killing of a Sacred Deer,2017,https://boxd.it/dZ5G,4
2017-12-16,Untangle,2011,https://boxd.it/2ubc,5
2017-12-19,Love & Friendship,2016,https://boxd.it/9nM0,3.5
2017-12-20,The Bar,2017,https://boxd.it/eRT6,2.5
2017-12-23,What We Do in the Shadows,2014,https://boxd.it/7eQy,3
2017-12-23,Palindrome,2001,https://boxd.it/vcc,2
2017-12-23,The Den,2013,https://boxd.it/7bvW,2.5
2017-12-25,Night of the Comet,1984,https://boxd.it/1GUw,3
2017-12-26,Lady Bird,2017,https://boxd.it/dGNE,5
2017-12-27,"I, Tonya",2017,https://boxd.it/dzR0,3
2017-12-28,Califórnia,2015,https://boxd.it/cnBi,3
2017-12-29,Hounds of Love,2016,https://boxd.it/enoi,1
2017-12-30,Wish Upon,2017,https://boxd.it/fF6o,3.5
2017-12-31,Jumanji: Welcome to the Jungle,2017,https://boxd.it/bUeE,3
2018-01-03,The Miniaturist,2017,https://boxd.it/tqfS,3
2018-01-03,The Stanford Prison Experiment,2015,https://boxd.it/9QQK,3
2018-01-04,3 Generations,2015,https://boxd.it/9yzc,2.5
2018-01-04,mother!,2017,https://boxd.it/dgRU,1
2018-01-05,Coco,2017,https://boxd.it/bYJQ,4
2018-01-06,Super Dark Times,2017,https://boxd.it/dTle,3
2018-01-06,Ass Backwards,2013,https://boxd.it/4Yry,2.5
2018-01-06,Every Day,2010,https://boxd.it/Qp2,2.5
2018-01-11,Geostorm,2017,https://boxd.it/8lC6,1
2018-01-12,Friends Don't Let Friends,2017,https://boxd.it/hxCA,0.5
2018-01-12,American Psycho,2000,https://boxd.it/28Vs,3
2018-01-13,6 Years,2015,https://boxd.it/awpm,1.5
2018-01-15,Night Owls,2015,https://boxd.it/axlU,1.5
2018-01-16,Mr. Roosevelt,2017,https://boxd.it/f1hc,2.5
2018-01-22,"The Death, Dad & Son",2017,https://boxd.it/hXuM,4
2018-01-22,The Stroke,2018,https://boxd.it/hXv6,3.5
2018-01-24,The Open House,2018,https://boxd.it/htmy,1.5
2018-01-25,Dead Silence,2007,https://boxd.it/1OWK,3
2018-01-26,Call Me by Your Name,2017,https://boxd.it/dYmm,3.5
2018-01-29,The Summer Movie,2017,https://boxd.it/fMzW,2
2018-01-30,Bokeh,2017,https://boxd.it/8SV6,3.5
2018-02-01,Maniac,2012,https://boxd.it/3wzs,2
2018-02-05,The Oranges,2011,https://boxd.it/39gC,2.5
2018-02-05,Casting JonBenet,2017,https://boxd.it/fgXM,3.5
2018-02-07,Ghost Rider,2007,https://boxd.it/290M,1
2018-02-15,Afternoon Delight,2013,https://boxd.it/4V3o,1.5
2018-02-15,Please Love Me Forever,2016,https://boxd.it/hXxm,4
2018-02-16,10 Cloverfield Lane,2016,https://boxd.it/aZiu,5
2018-02-16,The Cloverfield Paradox,2018,https://boxd.it/doVA,4
2018-02-16,Tragedy Girls,2017,https://boxd.it/eB7K,5
2018-02-17,"Three Billboards Outside Ebbing, Missouri",2017,https://boxd.it/ceBS,1.5
2018-02-17,Dunkirk,2017,https://boxd.it/d0Y6,2
2018-02-17,Posthumous,2014,https://boxd.it/9nvy,3
2018-02-17,Garfunkel and Oates: Trying to be Special,2016,https://boxd.it/dO6I,5
2018-02-19,The Perks of Being a Wallflower,2012,https://boxd.it/2ZA8,3
2018-02-19,O Rastro,2017,https://boxd.it/fzaO,1
2018-02-20,Slash,2016,https://boxd.it/bFJi,3.5
2018-02-21,Marrowbone,2017,https://boxd.it/dZVC,4
2018-02-21,Dear Basketball,2017,https://boxd.it/hnoI,0.5
2018-02-21,Garden Party,2017,https://boxd.it/h7bS,4
2018-02-21,Lou,2017,https://boxd.it/fntk,3
2018-02-21,Negative Space,2017,https://boxd.it/guxK,4
2018-02-21,Revolting Rhymes,2016,https://boxd.it/ffcg,3
2018-02-22,Edith+Eddie,2017,https://boxd.it/fNpo,4
2018-02-23,Heaven Is a Traffic Jam on the 405,2016,https://boxd.it/gYkG,4
2018-02-23,Phantom Thread,2017,https://boxd.it/e4uc,4.5
2018-02-23,Darkest Hour,2017,https://boxd.it/dZZa,1.5
2018-02-25,The Carmilla Movie,2017,https://boxd.it/eSVs,3.5
2018-02-25,Black Panther,2018,https://boxd.it/8MHs,4.5
2018-02-25,The Craft,1996,https://boxd.it/1Zai,4
2018-02-26,The Breadwinner,2017,https://boxd.it/frLs,4
2018-02-27,Red Sparrow,2018,https://boxd.it/e7Pi,2.5
2018-02-27,Bridge to Terabithia,2007,https://boxd.it/28YG,4
2018-02-27,Tangled,2010,https://boxd.it/15gO,4
2018-02-27,"Alexander and the Terrible, Horrible, No Good, Very Bad Day",2014,https://boxd.it/6uQM,3.5
2018-02-27,Veronica,2017,https://boxd.it/fHXa,4
2018-02-27,Suburbicon,2017,https://boxd.it/dQ8Q,2
2018-02-28,The Room,2003,https://boxd.it/1ICY,0.5
2018-02-28,The Boss Baby,2017,https://boxd.it/9mfO,2.5
2018-03-02,The Disaster Artist,2017,https://boxd.it/cTqc,3
2018-03-02,Loving Vincent,2017,https://boxd.it/biIQ,2
2018-03-04,The Post,2017,https://boxd.it/fTeG,3
2018-03-05,The Florida Project,2017,https://boxd.it/dMG0,5
2018-03-08,The Shape of Water,2017,https://boxd.it/dZ5m,3.5
2018-03-09,Drive Thru,2007,https://boxd.it/Nuy,5
2018-03-11,Bitch,2017,https://boxd.it/fj8M,3.5
2018-03-13,Gnome Alone,2017,https://boxd.it/gIJU,2.5
2018-03-15,Infinity Baby,2017,https://boxd.it/fzxe,4
2018-03-16,The Family Fang,2015,https://boxd.it/97Ta,4.5
2018-03-16,The Vanishing of Sidney Hall,2017,https://boxd.it/bSTK,2.5
2018-03-16,Scream 2,1997,https://boxd.it/24Es,4.5
2018-03-16,Paddington,2014,https://boxd.it/3RKw,3.5
2018-03-17,Kids in Love,2016,https://boxd.it/dSSw,1
2018-03-17,Dear Zachary: A Letter to a Son About His Father,2008,https://boxd.it/1LW8,5
2018-03-18,Quanto Tempo o Tempo Tem,2015,https://boxd.it/cJeK,3.5
2018-03-19,The Thing,1982,https://boxd.it/294O,5
2018-03-21,The One I Love,2014,https://boxd.it/77gy,5
2018-03-23,Irreplaceable You,2018,https://boxd.it/g3xo,3
2018-03-23,Midnight Special,2016,https://boxd.it/7dmi,4
2018-03-23,Urban Legend,1998,https://boxd.it/1XDi,2.5
2018-03-24,Lars and the Real Girl,2007,https://boxd.it/21tG,4.5
2018-03-24,Urban Legends: Final Cut,2000,https://boxd.it/1Shc,1.5
2018-03-26,Urban Legends: Bloody Mary,2005,https://boxd.it/1WCe,0.5
2018-03-27,Ruby Sparks,2012,https://boxd.it/3w9O,4
2018-03-28,Ready Player One,2018,https://boxd.it/aZes,4
2018-03-28,She's Beautiful When She's Angry,2014,https://boxd.it/85TK,4
2018-03-28,Xuxa and the Elves,2001,https://boxd.it/2ZdS,2.5
2018-03-28,Xuxa and the Elves 2: The Road of The Fairies,2002,https://boxd.it/2Zd4,4.5
2018-03-29,The Bookshop,2017,https://boxd.it/fOua,4
2018-04-03,A Wrinkle in Time,2018,https://boxd.it/el46,3.5
2018-04-05,Happy Anniversary,2018,https://boxd.it/g624,2
2018-04-06,Black Mirror: The National Anthem,2011,https://boxd.it/hQYK,3.5
2018-04-08,"Love, Simon",2018,https://boxd.it/g02s,3.5
2018-04-10,Black Mirror: Fifteen Million Merits,2011,https://boxd.it/hQYU,4
2018-04-12,Black Mirror: The Entire History of You,2011,https://boxd.it/hQZ4,3.5
2018-04-14,The Secret World of Arrietty,2010,https://boxd.it/AF4,4.5
2018-04-14,Friday the 13th,1980,https://boxd.it/24fs,2.5
2018-04-14,The Descent,2005,https://boxd.it/1YNy,5
2018-04-16,Curse of Chucky,2013,https://boxd.it/5b1y,3.5
2018-04-16,Cult of Chucky,2017,https://boxd.it/dKOm,4
2018-04-17,All the Reasons to Forget,2017,https://boxd.it/hbOk,3.5
2018-04-19,Black Mirror: Be Right Back,2013,https://boxd.it/hRpw,4
2018-04-23,High School Musical 2,2007,https://boxd.it/1PIu,4
2018-04-23,Frozen,2013,https://boxd.it/3GNa,4.5
2018-04-25,The Glass House,2001,https://boxd.it/27gS,3.5
2018-04-25,Black Mirror: White Bear,2013,https://boxd.it/hRpG,4.5
2018-04-26,Black Mirror: The Waldo Moment,2013,https://boxd.it/hRpQ,2
2018-04-27,Truth or Dare,2018,https://boxd.it/grIA,3.5
2018-05-03,Please Stand By,2017,https://boxd.it/bfH6,4.5
2018-05-03,Capitalism: A Love Story,2009,https://boxd.it/1B62,3.5
2018-05-04,Querida Mamãe,2017,https://boxd.it/hgsI,3
2018-05-05,Saw III,2006,https://boxd.it/2aRC,5
2018-05-06,Saw IV,2007,https://boxd.it/29Sa,4
2018-05-06,Saw V,2008,https://boxd.it/1SMa,2
2018-05-07,Saw VI,2009,https://boxd.it/1A2y,2.5
2018-05-08,Saw 3D,2010,https://boxd.it/Znk,2
2018-05-08,Skins,2017,https://boxd.it/fsVI,1.5
2018-05-08,Dude,2018,https://boxd.it/dZcW,2.5
2018-05-09,Game Night,2018,https://boxd.it/fRtu,4.5
2018-05-09,Jigsaw,2017,https://boxd.it/9sDs,0.5
2018-05-10,Black Mirror: White Christmas,2014,https://boxd.it/udfW,3
2018-05-11,Mystery Team,2009,https://boxd.it/16Nu,2.5
2018-05-12,From Up on Poppy Hill,2011,https://boxd.it/2VCa,3.5
2018-05-13,Terminal,2018,https://boxd.it/dqSo,2
2018-05-13,Beach Rats,2017,https://boxd.it/f5m6,1.5
2018-05-14,Welcome to Willits,2016,https://boxd.it/ehPs,2
2018-05-15,In the Shadow of Women,2015,https://boxd.it/abCk,0.5
2018-05-16,Final Destination,2000,https://boxd.it/1YrC,3.5
2018-05-16,Final Destination 2,2003,https://boxd.it/1YSS,4
2018-05-16,Final Destination 3,2006,https://boxd.it/1Z40,2.5
2018-05-16,The Final Destination,2009,https://boxd.it/1EmW,1.5
2018-05-16,Final Destination 5,2011,https://boxd.it/r1k,3.5
2018-05-16,Band Aid,2017,https://boxd.it/f5lW,4.5
2018-05-16,Selfie from Hell,2018,https://boxd.it/hO2a,1.5
2018-05-17,Black Mirror: Nosedive,2016,https://boxd.it/hK9G,4.5
2018-05-18,Black Mirror: Playtest,2016,https://boxd.it/hRR6,1
2018-05-19,The Feels,2017,https://boxd.it/gp1u,3.5
2018-05-19,Amityville: The Awakening,2017,https://boxd.it/67wu,2
2018-05-21,Half Magic,2018,https://boxd.it/bAKq,2.5
2018-05-21,From Straight A's to XXX,2017,https://boxd.it/fGbE,2.5
2018-05-21,A Bad Idea Gone Wrong,2017,https://boxd.it/fzq8,2
2018-05-22,Black Mirror: Shut Up and Dance,2016,https://boxd.it/hRRq,4.5
2018-05-23,Thoroughbreds,2017,https://boxd.it/dVHQ,5
2018-05-25,Tully,2018,https://boxd.it/e4kc,4.5
2018-05-26,Daphne & Velma,2018,https://boxd.it/hDTM,2.5
2018-05-28,Margarita with a Straw,2014,https://boxd.it/8Vu8,4
2018-05-29,In Darkness,2018,https://boxd.it/eKuS,2.5
2018-05-30,The Omen,1976,https://boxd.it/29By,2
2018-05-31,The Hand that Rocks the Cradle,1992,https://boxd.it/1UFK,4
2018-05-31,The Similars,2015,https://boxd.it/81CK,2
2018-06-02,Unsane,2018,https://boxd.it/gKrS,4
2018-06-02,Feral,2017,https://boxd.it/fuSm,0.5
2018-06-04,Queen of Earth,2015,https://boxd.it/9y6Y,5
2018-06-04,Advantageous,2015,https://boxd.it/9SRK,3.5
2018-06-06,Ocean's Eight,2018,https://boxd.it/eaai,5
2018-06-08,Slumber,2017,https://boxd.it/gAu8,2.5
2018-06-12,Learning to Drive,2014,https://boxd.it/8Nb8,4
2018-06-14,Black Mirror: Men Against Fire,2016,https://boxd.it/hSBS,3
2018-06-15,The Night Eats the World,2018,https://boxd.it/gmgQ,4
2018-06-15,Just a Breath Away,2018,https://boxd.it/h95M,2
2018-06-15,Black Mirror: Hated in the Nation,2016,https://boxd.it/hSBI,4
2018-06-16,The Grudge 2,2006,https://boxd.it/27IW,4.5
2018-06-16,Elizabethtown,2005,https://boxd.it/1Ydq,2
2018-06-18,The Houses October Built,2014,https://boxd.it/9fyO,3
2018-06-18,The Sea Inside,2004,https://boxd.it/27S8,4.5
2018-06-19,Maybe a Love Story,2018,https://boxd.it/hLr2,3.5
2018-06-19,The Diving Bell and the Butterfly,2007,https://boxd.it/27Di,3
2018-06-20,F*&% the Prom,2017,https://boxd.it/hync,1
2018-06-21,Carnivores,2018,https://boxd.it/gKJi,2
2018-06-22,A Quiet Place,2018,https://boxd.it/fVJQ,4
2018-06-23,Shrew's Nest,2014,https://boxd.it/8NiS,2.5
2018-06-24,Hereditary,2018,https://boxd.it/hNVe,5
2018-06-26,Hypersomnia,2016,https://boxd.it/g6uW,1.5
2018-07-06,How to Talk to Girls at Parties,2017,https://boxd.it/bo80,1.5
2018-07-13,Insidious: Chapter 3,2015,https://boxd.it/8BkM,3
2018-07-18,The House on Sorority Row,1982,https://boxd.it/12b2,2.5
2018-07-19,Bao,2018,https://boxd.it/iEl4,3.5
2018-07-23,Circle,2015,https://boxd.it/b5So,3
2018-08-01,Uma Quase Dupla,2018,https://boxd.it/hBaK,3.5
2018-08-01,High School Musical,2006,https://boxd.it/1V0y,3
2018-08-02,The Incredibles,2004,https://boxd.it/1XLm,4
2018-08-04,Weepah Way For Now,2015,https://boxd.it/bvCw,4
2018-08-07,Village of the Damned,1995,https://boxd.it/1Suq,2.5
2018-08-14,Persona,1966,https://boxd.it/29B4,4.5
2018-08-15,Mom and Dad,2017,https://boxd.it/e6BO,4
2018-08-16,Zoom,2015,https://boxd.it/bNEK,4.5
2018-08-17,The Fast and the Furious,2001,https://boxd.it/1XMu,3
2018-08-19,Down a Dark Hall,2018,https://boxd.it/eULu,2.5
2018-08-21,Stage Fright,1987,https://boxd.it/1Drm,4.5
2018-08-21,Slender Man,2018,https://boxd.it/fBcs,1
2018-08-22,2 Fast 2 Furious,2003,https://boxd.it/2a4g,2.5
2018-08-25,To All the Boys I've Loved Before,2018,https://boxd.it/gHec,4
2018-08-29,Scooby-Doo,2002,https://boxd.it/1YaQ,4.5
2018-08-29,Scooby-Doo 2: Monsters Unleashed,2004,https://boxd.it/1UPA,5
2018-09-01,Support the Girls,2018,https://boxd.it/ghHs,4
2018-09-02,Nails,2017,https://boxd.it/emB6,1
2018-09-02,Me and You and Everyone We Know,2005,https://boxd.it/28RK,2.5
2018-09-04,Every Day,2018,https://boxd.it/gEhC,4.5
2018-09-05,"It's Not You, It's Me",2013,https://boxd.it/6poo,4
2018-09-06,The Nun,2018,https://boxd.it/fBkw,2.5
2018-09-08,The Lovely Bones,2009,https://boxd.it/20IA,3
2018-09-09,Summer of 84,2018,https://boxd.it/gQYe,3.5
2018-09-11,Blood Fest,2018,https://boxd.it/gW1i,0.5
2018-09-12,Boarding School,2018,https://boxd.it/jjN4,2
2018-09-13,Rust,2018,https://boxd.it/hDO8,2
2018-09-14,Enough,2018,https://boxd.it/jXnq,4
2018-09-15,The Fast and the Furious: Tokyo Drift,2006,https://boxd.it/1Yeo,2
2018-09-15,Fast & Furious,2009,https://boxd.it/1Pnm,3
2018-09-20,A Simple Favor,2018,https://boxd.it/hq92,4
2018-09-21,Fast Five,2011,https://boxd.it/BgO,3.5
2018-09-24,The House with a Clock in Its Walls,2018,https://boxd.it/gARw,3.5
2018-09-27,Flavors of Youth,2018,https://boxd.it/iAAa,3
2018-09-29,The First Purge,2018,https://boxd.it/fJfk,1
2018-10-05,The Ritual,2017,https://boxd.it/fo0I,1
2018-10-10,A Star Is Born,2018,https://boxd.it/aXgc,4
2018-10-10,Tudo por um Pop Star,2018,https://boxd.it/k9FQ,3
2018-10-29,Gretchen: Road Movie,2010,https://boxd.it/acSy,4.5
2018-10-30,Searching,2018,https://boxd.it/hDPg,5
2018-10-31,Demonic,2015,https://boxd.it/6Tx6,1
2018-10-31,Tag,2015,https://boxd.it/bjvI,4
2018-11-02,Friendship Bracelet,,https://boxd.it/kpxI,2
2018-11-02,CTRL+ALT+DEL,,https://boxd.it/kpy2,0.5
2018-11-02,Keep Out,,https://boxd.it/kpym,1.5
2018-11-04,Popstar: Never Stop Never Stopping,2016,https://boxd.it/blDa,3.5
2018-11-04,Burn Burn Burn,2015,https://boxd.it/cedm,4
2018-11-04,Tangerine,2015,https://boxd.it/9QRe,4.5
2018-11-05,Air Bridge,2015,https://boxd.it/aXGa,3
2018-11-06,Lost in Translation,2003,https://boxd.it/2b0E,0.5
2018-11-06,Her,2013,https://boxd.it/4O24,5
2018-11-07,A Bad Moms Christmas,2017,https://boxd.it/fiHG,3.5
2018-11-07,Monster Party,2018,https://boxd.it/goKS,4
2018-11-09,American Animals,2018,https://boxd.it/hE4K,4.5
2018-11-09,Magic Mike,2012,https://boxd.it/2HvY,2
2018-11-10,"Domingo, Sozinho",2018,https://boxd.it/kfCI,3.5
2018-11-10,Grandma,2015,https://boxd.it/9V00,4
2018-11-10,Elle Fanning Relives Her Dreams,2015,https://boxd.it/h1lW,4
2018-11-10,Distrito da Luz Vermelha,2018,https://boxd.it/kv1I,4
2018-11-10,Whip It,2009,https://boxd.it/1A3m,5
2018-11-11,Spy Kids: All the Time in the World,2011,https://boxd.it/ptm,3
2018-11-11,Loveling,2018,https://boxd.it/hEv2,4
2018-11-11,Mulheres Alteradas,2018,https://boxd.it/iXlC,3
2018-11-11,Dirty Girl,2010,https://boxd.it/2sSy,5
2018-11-12,Short Term 12,2013,https://boxd.it/5f6s,3.5
2018-11-12,Headgame,2018,https://boxd.it/bAIE,1.5
2018-11-13,Os Farofeiros,2018,https://boxd.it/hPEY,3
2018-11-15,Ladies First,2017,https://boxd.it/hJB0,4
2018-11-15,Across Grace Alley,2013,https://boxd.it/fSgm,0.5
2018-11-15,Love Beats Rhymes,2017,https://boxd.it/d5na,2.5
2018-11-21,Zygote,2017,https://boxd.it/gBO4,3.5
2018-11-23,The Signal,2014,https://boxd.it/77hc,1.5
2018-11-25,Freaky Friday,2003,https://boxd.it/1WwK,5
2018-12-18,Cam,2018,https://boxd.it/iWvG,3.5
2018-12-18,De Pernas pro Ar,2010,https://boxd.it/bZ4,3.5
2018-12-18,De Pernas pro Ar 2,2012,https://boxd.it/53dw,2
2018-12-21,Krampus,2015,https://boxd.it/8Wy6,3.5
2018-12-21,Express Kidnapping,2018,https://boxd.it/khFk,3.5
2018-12-21,Mary Poppins,1964,https://boxd.it/2aoA,3
2018-12-22,Mary Poppins Returns,2018,https://boxd.it/e4nU,5
2018-12-23,Men Are from Mars... And That's Where I'm Going!,2014,https://boxd.it/6JbY,1.5
2018-12-23,Charming,2018,https://boxd.it/bX5K,3.5
2018-12-23,Assassination Nation,2018,https://boxd.it/fSIq,5
2018-12-24,Hell Fest,2018,https://boxd.it/fdG4,2.5
2018-12-25,How the Grinch Stole Christmas,2000,https://boxd.it/1ZHQ,3
2018-12-25,The Stepfather,2009,https://boxd.it/1Enq,2.5
2018-12-26,Carol,2015,https://boxd.it/7DPK,4
2018-12-26,The Lodgers,2017,https://boxd.it/fdEM,1
2018-12-27,Revenge,2017,https://boxd.it/gL9g,4.5
2018-12-28,Set It Up,2018,https://boxd.it/dpik,4.5
2018-12-28,First Reformed,2017,https://boxd.it/go9C,4.5
2018-12-29,Bird Box,2018,https://boxd.it/eh1i,3.5
2018-12-29,"Angus, Thongs and Perfect Snogging",2008,https://boxd.it/1RpO,3
2018-12-30,The Voices,2014,https://boxd.it/7b3S,4
2018-12-30,The Sisterhood of the Traveling Pants 2,2008,https://boxd.it/1WS2,3
2018-12-30,Black Mirror: Bandersnatch,2018,https://boxd.it/kTDG,2
2018-12-31,Prevenge,2016,https://boxd.it/dRpS,3
2019-01-01,Now United: Dreams Come True,2018,https://boxd.it/kYEa,4.5
2019-01-01,Doppelgänger,2012,https://boxd.it/7mxa,2.5
2019-01-03,The Love Witch,2016,https://boxd.it/cZie,5
2019-01-06,Escape Room,2017,https://boxd.it/g0VW,0.5
2019-01-07,Hush,1998,https://boxd.it/1HOu,3.5
2019-01-09,Harry Potter and the Philosopher's Stone,2001,https://boxd.it/29QS,4
2019-01-11,Harry Potter and the Chamber of Secrets,2002,https://boxd.it/29QI,5
2019-01-11,The Sixth Sense,1999,https://boxd.it/29Js,5
2019-01-11,Harry Potter and the Prisoner of Azkaban,2004,https://boxd.it/29Qy,5
2019-01-12,Harry Potter and the Goblet of Fire,2005,https://boxd.it/29Qo,4
2019-01-12,The Outcasts,2017,https://boxd.it/9P5S,3.5
2019-01-12,Harry Potter and the Order of the Phoenix,2007,https://boxd.it/29Qe,3
2019-01-15,The Wind Rises,2013,https://boxd.it/4JQS,4.5
2019-01-15,Face Swap,2019,https://boxd.it/l7uI,3
2019-01-16,Harry Potter and the Half-Blood Prince,2009,https://boxd.it/29FU,3
2019-01-16,Teenage Cocktail,2016,https://boxd.it/dgbu,2.5
2019-01-17,The Kid Who Would Be King,2019,https://boxd.it/gcz4,4
2019-01-17,Harry Potter and the Deathly Hallows: Part 1,2010,https://boxd.it/1RYu,4.5
2019-01-17,Harry Potter and the Deathly Hallows: Part 2,2011,https://boxd.it/1RYk,4.5
2019-01-18,GirlHouse,2014,https://boxd.it/a3OW,3
2019-01-19,The Favourite,2018,https://boxd.it/d2hI,5
2019-01-20,Zodiac,2007,https://boxd.it/27MO,2
2019-01-21,Each Time I Kill,2007,https://boxd.it/41T4,3.5
2019-01-22,Hollow in the Land,2017,https://boxd.it/bRxe,3.5
2019-01-22,Almost Friends,2016,https://boxd.it/fuPi,1.5
2019-01-22,Age of Sail,2018,https://boxd.it/ku3e,3
2019-01-22,Animal Behaviour,2018,https://boxd.it/ivoS,2
2019-01-22,Bilby,2018,https://boxd.it/jdkA,4
2019-01-22,Bird Karma,2018,https://boxd.it/itLA,2.5
2019-01-22,Late Afternoon,2017,https://boxd.it/i4jm,5
2019-01-22,One Small Step,2018,https://boxd.it/k4ii,4.5
2019-01-22,Grandpa Walrus,2017,https://boxd.it/gkng,2
2019-01-22,Lost & Found,2018,https://boxd.it/iZzw,3.5
2019-01-22,Weekends,2017,https://boxd.it/ijMS,3
2019-01-23,Fyre,2019,https://boxd.it/kP0g,3.5
2019-01-23,Jessica Darling's It List,2016,https://boxd.it/cRlE,1.5
2019-01-23,BlacKkKlansman,2018,https://boxd.it/hxL8,3
2019-01-24,Green Book,2018,https://boxd.it/hErk,2.5
2019-01-24,The Wife,2017,https://boxd.it/bkzG,4
2019-01-25,Cold War,2018,https://boxd.it/fEoc,2
2019-01-25,Incredibles 2,2018,https://boxd.it/7IPg,4
2019-01-27,Annihilation,2018,https://boxd.it/9yzm,3
2019-01-27,Mercy,2016,https://boxd.it/e5ou,0.5
2019-01-27,Roma,2018,https://boxd.it/f69M,2
2019-01-28,Invisible,2017,https://boxd.it/gZre,2
2019-01-28,Unbreakable,2000,https://boxd.it/1XV2,2
2019-01-30,Catwalk: Tales from the Catshow Circuit,2018,https://boxd.it/iAGC,3.5
2019-01-31,"Fala Sério, Mãe!",2017,https://boxd.it/hxFY,4
2019-01-31,Personal Shopper,2016,https://boxd.it/bkGM,4.5
2019-02-04,Velvet Buzzsaw,2019,https://boxd.it/gAy0,2
2019-02-05,Dirty Computer,2018,https://boxd.it/iLhe,4.5
2019-02-07,Vice,2018,https://boxd.it/fcFY,1
2019-02-08,Home Movies,2017,https://boxd.it/h0Sg,3
2019-02-13,The Princess Switch,2018,https://boxd.it/knTs,3
2019-02-13,Can You Ever Forgive Me?,2018,https://boxd.it/e7x4,4.5
2019-02-15,Miss Meadows,2014,https://boxd.it/7K6i,3.5
2019-02-15,If Beale Street Could Talk,2018,https://boxd.it/gGhu,4.5
2019-02-18,Blue Valentine,2010,https://boxd.it/MxG,4
2019-02-19,Mirai,2018,https://boxd.it/h2Hu,4.5
2019-02-19,Cinderela Pop,2019,https://boxd.it/kf84,2.5
2019-02-20,Happy Death Day 2U,2019,https://boxd.it/ixt6,4
2019-02-21,Shoplifters,2018,https://boxd.it/ifY6,4.5
2019-02-21,November Criminals,2017,https://boxd.it/af9Q,2
2019-02-22,The Breaker Upperers,2018,https://boxd.it/i846,2.5
2019-02-22,Best Friends Forever,2013,https://boxd.it/4Zog,3
2019-02-23,Minutes Past Midnight,2016,https://boxd.it/eGVU,2
2019-02-28,The Truth About Lies,2018,https://boxd.it/aqS8,1
2019-02-28,Second Act,2018,https://boxd.it/ibU0,3.5
2019-03-12,Captain Marvel,2019,https://boxd.it/9vSA,4
2019-03-13,Barbie as The Princess & the Pauper,2004,https://boxd.it/1MGU,3.5
2019-03-14,Vox Lux,2018,https://boxd.it/fcFk,2.5
2019-03-16,The Prodigy,2019,https://boxd.it/jnzg,2.5
2019-03-20,Us,2019,https://boxd.it/gnV6,5
2019-03-23,Dumplin',2018,https://boxd.it/gXcc,5
2019-03-24,Look Away,2018,https://boxd.it/j6Hs,2.5
2019-03-24,Dope,2015,https://boxd.it/9Tho,4
2019-04-02,Iron Man,2008,https://boxd.it/28dA,3.5
2019-04-03,Five Feet Apart,2019,https://boxd.it/jaAK,3
2019-04-04,The Incredible Hulk,2008,https://boxd.it/28dU,1.5
2019-04-09,Shazam!,2019,https://boxd.it/8WBu,4.5
2019-04-10,Iron Man 2,2010,https://boxd.it/1WZM,2
2019-04-10,Captain America: The First Avenger,2011,https://boxd.it/28b0,2.5
2019-04-10,Thor,2011,https://boxd.it/1WQU,4
2019-04-11,Wonder Woman,2017,https://boxd.it/9roG,4.5
2019-04-11,After,2019,https://boxd.it/jBb8,0.5
2019-04-12,The Avengers,2012,https://boxd.it/1xFW,3
2019-04-13,Persona,2019,https://boxd.it/mw3E,4
2019-04-14,Guava Island,2019,https://boxd.it/jOF6,3.5
2019-04-16,Iron Man 3,2013,https://boxd.it/2cBQ,5
2019-04-16,Thor: The Dark World,2013,https://boxd.it/2DqA,0.5
2019-04-17,Captain America: The Winter Soldier,2014,https://boxd.it/3r58,4
2019-04-18,Guardians of the Galaxy,2014,https://boxd.it/3VH2,3
2019-04-18,Purl,2018,https://boxd.it/jomC,4
2019-04-22,Avengers: Age of Ultron,2015,https://boxd.it/3qi6,1
2019-04-22,Ant-Man,2015,https://boxd.it/3vmW,4
2019-04-24,Captain America: Civil War,2016,https://boxd.it/89Ja,2.5
2019-04-25,Guardians of the Galaxy Vol. 2,2017,https://boxd.it/8MxC,4
2019-04-25,Spider-Man: Homecoming,2017,https://boxd.it/aboM,2
2019-04-25,Thor: Ragnarok,2017,https://boxd.it/8MHi,3
2019-04-25,Ant-Man and the Wasp,2018,https://boxd.it/cqUW,4.5
2019-04-26,Avengers: Infinity War,2018,https://boxd.it/9vEe,2.5
2019-04-26,Doctor Strange,2016,https://boxd.it/8MH8,2.5
2019-04-27,Avengers: Endgame,2019,https://boxd.it/9vE4,2.5
2019-05-07,Woodshock,2017,https://boxd.it/dTzg,4
2019-05-07,Patti Cake$,2017,https://boxd.it/f5oQ,4
2019-05-08,The Pregnancy Pact,2010,https://boxd.it/nNu,0.5
2019-05-09,Thriller,2018,https://boxd.it/jJgg,2
2019-05-09,Psychos in Love,1987,https://boxd.it/HCG,3
2019-05-13,Big Little Lies,2017,https://boxd.it/fYde,4.5
2019-05-16,The Handmaiden,2016,https://boxd.it/948A,5
2019-05-20,Greta,2018,https://boxd.it/gU4E,4
2019-05-22,Fast & Furious 6,2013,https://boxd.it/2UG6,3.5
2019-05-23,God Help the Girl,2014,https://boxd.it/7dCq,4
2019-05-23,mid90s,2018,https://boxd.it/fxIa,4.5
2019-05-24,Furious 7,2015,https://boxd.it/5cVs,3
2019-05-28,Rocketman,2019,https://boxd.it/iehK,4.5
2019-05-29,The Fate of the Furious,2017,https://boxd.it/bbCw,4
2019-06-05,Ma,2019,https://boxd.it/i8Wi,3.5
2019-06-06,Aladdin,2019,https://boxd.it/eSjy,3.5
2019-06-14,Booksmart,2019,https://boxd.it/igNS,5
2019-06-28,Annabelle Comes Home,2019,https://boxd.it/iU5m,3
2019-07-09,Sweet Boy,2016,https://boxd.it/gfx6,1
2019-08-08,The Kitchen,2019,https://boxd.it/hyp8,2.5
2019-08-09,Scary Stories to Tell in the Dark,2019,https://boxd.it/eJTW,3.5
2019-08-09,Eternal Sunshine of the Spotless Mind,2004,https://boxd.it/6YK,3.5
2019-08-12,Columbus,2017,https://boxd.it/eCuA,3
2019-08-14,Once Upon a Time… in Hollywood,2019,https://boxd.it/gH0O,3
2019-08-17,Anna,2019,https://boxd.it/hqQq,3
2019-08-25,Lucy,2014,https://boxd.it/75hu,5
2019-09-03,Bacurau,2019,https://boxd.it/fSUG,5
2019-09-18,Haunt,2019,https://boxd.it/iK78,4
2019-09-18,It Chapter Two,2019,https://boxd.it/h10u,3
2019-09-18,Teen Spirit,2018,https://boxd.it/fFEq,4
2019-09-28,Ad Astra,2019,https://boxd.it/ePzI,4
2019-10-02,Angst,1983,https://boxd.it/1G46,1
2019-10-03,Popcorn,1991,https://boxd.it/131C,2.5
2019-10-04,Repulsion,1965,https://boxd.it/1TKu,4
2019-10-06,Sleepaway Camp,1983,https://boxd.it/1PSY,4.5
2019-10-06,Sleepaway Camp II: Unhappy Campers,1988,https://boxd.it/1e2c,2
2019-10-06,The Slumber Party Massacre,1982,https://boxd.it/1rIq,2.5
2019-10-07,Terror Train,1980,https://boxd.it/10uQ,2.5
2019-10-08,Inside,2007,https://boxd.it/1QqG,4.5
2019-10-09,Visiting Hours,1982,https://boxd.it/M4O,4
2019-10-09,Sole Survivor,1984,https://boxd.it/1n5Y,5
2019-10-10,Don't Look Now,1973,https://boxd.it/29fC,0.5
2019-10-11,Valentine,2001,https://boxd.it/1UVI,3
2019-10-14,High Tension,2003,https://boxd.it/1WLU,3
2019-10-14,Killer Movie,2008,https://boxd.it/1Nes,4
2019-10-21,"Alice, Sweet Alice",1976,https://boxd.it/1yP4,3.5
2019-10-22,Thirst,2009,https://boxd.it/1Aqq,3
2019-10-23,Intruder,1989,https://boxd.it/1jJA,3.5
2019-10-24,Happy Birthday to Me,1981,https://boxd.it/179U,1.5
2019-10-24,My Bloody Valentine,1981,https://boxd.it/131M,3
2019-10-24,The Leopard Man,1943,https://boxd.it/1pAO,3.5
2019-10-24,The Beyond,1981,https://boxd.it/1FtY,5
2019-10-26,Audition,1999,https://boxd.it/1UHm,2
2019-10-26,Braindead,1992,https://boxd.it/29Gy,4.5
2019-10-29,Zombieland: Double Tap,2019,https://boxd.it/bgb6,4
2019-10-29,Psycho,1960,https://boxd.it/2ab2,4.5
2019-10-29,They Live,1988,https://boxd.it/20lm,3.5
2019-10-29,964 Pinocchio,1991,https://boxd.it/EhA,1
2019-10-29,Big Bad Wolf,2006,https://boxd.it/13Ui,2.5
2019-10-30,A Tale of Two Sisters,2003,https://boxd.it/248m,3.5
2019-10-30,The Blair Witch Project,1999,https://boxd.it/26ua,4.5
2019-10-31,Poltergeist,2015,https://boxd.it/79UK,2
2019-11-01,Poltergeist,1982,https://boxd.it/2a0o,2.5
2019-11-01,Angel's Egg,1985,https://boxd.it/1LeA,3
2019-11-01,The Exorcist,1973,https://boxd.it/1Yoo,5
2019-11-02,Trick 'r Treat,2007,https://boxd.it/1zvE,4.5
2019-11-10,Dora and the Lost City of Gold,2019,https://boxd.it/i1VW,4.5
2019-11-14,Charlie's Angels,2019,https://boxd.it/gogo,5
2019-11-28,Ready or Not,2019,https://boxd.it/kOf0,3.5
2019-12-04,Hustlers,2019,https://boxd.it/jIBM,4.5
2019-12-04,The Farewell,2019,https://boxd.it/kIky,4
2019-12-20,Knives Out,2019,https://boxd.it/jWEA,4.5
2019-12-23,Bratz,2007,https://boxd.it/1OIS,5
2019-12-26,Parasite,2019,https://boxd.it/hTha,5
2019-12-28,"She Said, He Said",2019,https://boxd.it/l5Ku,2
2019-12-29,Open Water,2003,https://boxd.it/2bbM,1.5
2020-01-06,Frozen II,2019,https://boxd.it/aPvo,4.5
2020-01-06,My Mom is a Character: The Film,2013,https://boxd.it/66ps,4
2020-01-10,My Mom is a Character 2,2016,https://boxd.it/6J8U,2
2020-01-10,My Mom is a Character 3,2019,https://boxd.it/mYk4,2.5
2020-01-10,Funeral Parade of Roses,1969,https://boxd.it/28Cg,3.5
2020-01-13,Little Women,2019,https://boxd.it/aSVk,5
2020-01-17,Five Easy Pieces,1970,https://boxd.it/1tww,2.5
2020-01-24,Airplane Mode,2020,https://boxd.it/ofFK,3
2020-01-26,The Devils,1971,https://boxd.it/1inI,0.5
2020-02-01,Frenzy,1972,https://boxd.it/2a62,3.5
2020-02-08,Jojo Rabbit,2019,https://boxd.it/iEBG,3
2020-02-15,The Wicker Man,1973,https://boxd.it/1KnG,4.5
2020-02-20,Countdown,2019,https://boxd.it/m83K,3
2020-02-25,Chinatown,1974,https://boxd.it/29vU,3
2020-03-03,The Invisible Man,2020,https://boxd.it/kWlA,4.5
2020-03-06,Eu Sou Mais Eu,2019,https://boxd.it/kRtY,3
2020-03-11,"Salò, or the 120 Days of Sodom",1975,https://boxd.it/237s,0.5
2020-03-11,Silver Streak,1976,https://boxd.it/1TyI,2
2020-03-17,Close Encounters of the Third Kind,1977,https://boxd.it/29u8,2.5
2020-03-17,The Grudge,2020,https://boxd.it/gE0Q,0.5
2020-03-20,The Guest,2014,https://boxd.it/76RS,4
2020-03-23,Piranha,1978,https://boxd.it/1wTI,1.5
2020-03-24,The Hunt,2020,https://boxd.it/iE9i,4
2020-04-10,Unfriended,2014,https://boxd.it/8sXg,4
2020-04-10,Emma.,2020,https://boxd.it/kmg0,4
2020-04-10,The Tale of the Princess Kaguya,2013,https://boxd.it/4JQI,4
2020-04-10,Let It Snow,2019,https://boxd.it/9kKg,3.5
2020-04-10,Unfriended: Dark Web,2018,https://boxd.it/ifs0,4
2020-04-15,Fantasy Island,2020,https://boxd.it/jEVy,4
2020-04-18,The Ring,2002,https://boxd.it/2a70,5
2020-04-19,A Cure for Wellness,2016,https://boxd.it/bkQW,2.5
2020-04-21,Like a Boss,2020,https://boxd.it/j6BE,2.5
2020-04-26,Suspiria,2018,https://boxd.it/cioI,1.5
2020-04-29,When Marnie Was There,2014,https://boxd.it/78pm,4.5
2020-04-29,The Rhythm Section,2020,https://boxd.it/gI48,2
2020-05-03,Panic Room,2002,https://boxd.it/2490,4
2020-05-12,The Half of It,2020,https://boxd.it/m0T4,4
2020-10-03,CSI: Immortality,2015,https://boxd.it/cPf0,4
2020-10-03,Nightmare Sisters,1988,https://boxd.it/1rIg,2.5
2020-10-03,The Loved Ones,2009,https://boxd.it/NdC,3.5
2020-10-06,Session 9,2001,https://boxd.it/1UXu,4.5
2020-10-07,Videodrome,1983,https://boxd.it/29uC,5
2020-10-07,This Is Paris,2020,https://boxd.it/oKpy,3.5
2020-10-07,Dolls,1987,https://boxd.it/1xQq,2.5
2020-10-08,Society,1989,https://boxd.it/1ARc,3
2020-10-08,In the Mouth of Madness,1994,https://boxd.it/26vi,4
2020-10-09,The Lie,2018,https://boxd.it/jF2a,1.5
2020-10-10,Black Box,2020,https://boxd.it/qPFK,2
2020-10-11,Someone's Watching Me!,1978,https://boxd.it/1j80,3.5
2020-10-11,The Fog,1980,https://boxd.it/29Cc,4
2020-10-12,The Babysitter: Killer Queen,2020,https://boxd.it/n4VA,3
2020-10-12,Midsommar,2019,https://boxd.it/jhxe,2.5
2020-10-15,All Cheerleaders Die,2013,https://boxd.it/6ipk,4
2020-10-15,Wrong Turn,2003,https://boxd.it/1Xzq,3
2020-10-16,What Keeps You Alive,2018,https://boxd.it/ic9Y,3
2020-10-16,Host,2020,https://boxd.it/r5O4,3.5
2020-10-16,The Room,2019,https://boxd.it/lqRw,4
2020-10-17,Carnival of Souls,1962,https://boxd.it/1KQ4,3
2020-10-17,Christine,1983,https://boxd.it/1ZRQ,4.5
2020-10-18,Excision,2012,https://boxd.it/2XMG,4.5
2020-10-19,The Void,2016,https://boxd.it/d93S,3
2020-10-20,The Hole,2009,https://boxd.it/P2c,2.5
2020-10-20,Tigers Are Not Afraid,2017,https://boxd.it/bIww,4
2020-10-20,Free Fire,2016,https://boxd.it/b2Ig,2
2020-10-21,Lisa,1990,https://boxd.it/3k1e,3.5
2020-10-22,12 Hour Shift,2020,https://boxd.it/oQ9G,3.5
2020-10-22,Gretel & Hansel,2020,https://boxd.it/jLOk,3
2020-10-22,Blair Witch,2016,https://boxd.it/bO28,2
2020-10-22,Cabin Fever,2002,https://boxd.it/1TAu,2.5
2020-10-22,Cabin Fever,2016,https://boxd.it/9too,1
2020-10-22,Paranormal Activity,2007,https://boxd.it/1yIM,3
2020-10-23,Candyman,1992,https://boxd.it/1Ys6,5
2020-10-24,Paranormal Activity 2,2010,https://boxd.it/ZnO,3.5
2020-10-24,Paranormal Activity 3,2011,https://boxd.it/2o4O,4
2020-10-24,Let's Scare Jessica to Death,1971,https://boxd.it/1KI0,4
2020-10-24,"Butcher, Baker, Nightmare Maker",1981,https://boxd.it/2f38,4.5
2020-10-25,Hellraiser,1987,https://boxd.it/1Zpi,3.5
2020-10-25,The Beguiled,2017,https://boxd.it/dZ1k,3
2020-10-26,An American Werewolf in London,1981,https://boxd.it/29yk,4
2020-10-28,Await Further Instructions,2018,https://boxd.it/ifti,2
2020-10-28,Eyes Without a Face,1960,https://boxd.it/1j9i,2
2020-10-28,The Faculty,1998,https://boxd.it/1Z5C,5
2020-10-29,Paranormal Activity 4,2012,https://boxd.it/2UGq,1
2020-10-29,Paranormal Activity: Tokyo Night,2010,https://boxd.it/i5i,1
2020-10-30,Paranormal Activity: The Marked Ones,2014,https://boxd.it/6Ie8,4.5
2020-10-30,Black Moon,1975,https://boxd.it/1rYo,0.5
2020-10-31,The Craft: Legacy,2020,https://boxd.it/lKYs,2
2020-10-31,Creep,2014,https://boxd.it/7l4c,2.5
2020-11-01,Paranormal Activity: The Ghost Dimension,2015,https://boxd.it/4Ed2,2
2020-11-01,"It's the Great Pumpkin, Charlie Brown",1966,https://boxd.it/1Qmu,4
2020-11-01,Cursed Films,2020,https://boxd.it/q3Fi,3.5
2020-11-01,Bog of Beasts,2006,https://boxd.it/MGy,3
2020-11-03,Spree,2020,https://boxd.it/oiiO,4
2020-11-03,Query,2020,https://boxd.it/qcQa,3.5
2020-11-04,"Best Wishes, Warmest Regards: A Schitt's Creek Farewell",2020,https://boxd.it/pNiM,5
2020-11-04,Useless Humans,2020,https://boxd.it/r6rg,1.5
2020-11-06,The Curse of La Llorona,2019,https://boxd.it/hg0E,0.5
2020-11-06,Bad Hair,2020,https://boxd.it/jhAC,4
2020-11-07,Follow Me,2020,https://boxd.it/movq,2
2020-11-08,Relic,2020,https://boxd.it/jEwS,3
2020-11-08,The Rental,2020,https://boxd.it/lCQ6,2
2020-11-08,Moulin Rouge!,2001,https://boxd.it/29wI,3.5
2020-11-08,Kedi,2016,https://boxd.it/dHxM,4
2020-11-08,House of Wax,2005,https://boxd.it/1XaU,4
2020-11-10,The Matrix,1999,https://boxd.it/2a1m,5
2020-11-11,The Matrix Reloaded,2003,https://boxd.it/2a1c,3
2020-11-13,After We Collided,2020,https://boxd.it/mGpK,0.5
2020-11-14,Sierra Burgess Is a Loser,2018,https://boxd.it/gyP4,2.5
2020-11-15,The New Mutants,2020,https://boxd.it/bjle,1.5
2020-11-15,"Simão, o Fantasma Trapalhão",1998,https://boxd.it/4cqM,2
2020-11-15,The Matrix Revolutions,2003,https://boxd.it/2a12,1
2020-11-16,45 Days Away from You,2018,https://boxd.it/kCJC,1.5
2020-11-17,De Perto Ela Não é Normal,2020,https://boxd.it/kPx0,0.5
2020-11-17,Spontaneous,2020,https://boxd.it/mjPq,4.5
2020-11-18,Herbie Fully Loaded,2005,https://boxd.it/1TP0,3
2020-11-18,Cow Belles,2006,https://boxd.it/1wXq,3.5
2020-11-19,Garfield,2004,https://boxd.it/1ZAA,1.5
2020-11-20,Buffy the Vampire Slayer,1992,https://boxd.it/1WP8,2.5
2020-11-20,Secret Society of Second Born Royals,2020,https://boxd.it/n0Py,2
2020-11-21,The Burning,1981,https://boxd.it/1ygS,3
2020-11-21,That Darn Cat,1997,https://boxd.it/1CZ8,3
2020-11-22,White: Melody of Death,2011,https://boxd.it/2yKK,4
2020-11-23,Read It and Weep,2006,https://boxd.it/240M,2.5
2020-11-27,Folklore: The Long Pond Studio Sessions,2020,https://boxd.it/sRk4,4
2020-11-30,The Devil Wears Prada,2006,https://boxd.it/2awE,3
2020-12-06,Freaky,2020,https://boxd.it/ka42,4.5
2020-12-10,The Princess Switch: Switched Again,2020,https://boxd.it/nUla,2
2020-12-11,Get a Clue,2002,https://boxd.it/1unU,2.5
2020-12-23,Black Christmas,2019,https://boxd.it/ka4G,2.5
2021-01-03,The Royal Tenenbaums,2001,https://boxd.it/1YHU,3.5
2021-02-09,Framing Britney Spears,2021,https://boxd.it/uaGq,4
2021-03-04,Making Waves: The Art of Cinematic Sound,2019,https://boxd.it/lXug,3.5
2021-03-21,I Care a Lot,2020,https://boxd.it/mcHk,2.5
2021-03-21,Wrong Turn,2021,https://boxd.it/nmzi,1
2021-04-01,The Boy Next Door,2015,https://boxd.it/75Wi,2
2021-04-05,Primer,2004,https://boxd.it/6YA,3.5
2021-05-04,A Vida Depois do Tombo,2021,https://boxd.it/v6jk,4
2021-05-09,Leatherface,2017,https://boxd.it/9yyS,1
2021-05-30,Friends: The Reunion,2021,https://boxd.it/pOQq,4
2021-06-04,iCarly: iGo to Japan,2008,https://boxd.it/be8,4
2021-06-06,iParty with Victorious,2011,https://boxd.it/neqs,5
2021-06-12,Spiral: From the Book of Saw,2021,https://boxd.it/meXk,2
2021-06-12,Escape Room,2019,https://boxd.it/iYlS,3.5
2021-06-12,Clouds,2020,https://boxd.it/nmI0,3
2021-06-24,Sleeping Beauty,1959,https://boxd.it/1V9A,3.5
2021-06-28,Escape to Witch Mountain,1975,https://boxd.it/1NjC,3.5
2021-07-03,Return from Witch Mountain,1978,https://boxd.it/1Njs,2
2021-07-07,3 Men and a Baby,1987,https://boxd.it/1SpA,3.5
2021-07-08,Harper's Island,2009,https://boxd.it/vreA,4.5
2021-07-11,The Little Mermaid,1989,https://boxd.it/1WYO,4.5
2021-07-13,Fear Street: 1994,2021,https://boxd.it/lLBk,2.5
2021-07-13,Fear Street: 1978,2021,https://boxd.it/lLBu,3.5
2021-07-18,Fear Street: 1666,2021,https://boxd.it/lLBE,3
2021-07-20,The Parent Trap,1998,https://boxd.it/1XJq,4.5
2021-08-13,3 Men and a Little Lady,1990,https://boxd.it/1TnA,2
2021-08-23,10 Things I Hate About You,1999,https://boxd.it/23AO,4
2021-08-27,Zenon: Girl of the 21st Century,1999,https://boxd.it/1djc,3
2021-09-03,Stormbreaker,2006,https://boxd.it/1XnY,3.5
2021-09-20,Zenon: The Zequel,2001,https://boxd.it/1mMW,2
2021-09-23,Malignant,2021,https://boxd.it/mViE,5
2021-10-02,Girl on the Third Floor,2019,https://boxd.it/llgU,3.5
2021-10-03,Escape Room: Tournament of Champions,2021,https://boxd.it/lwCM,3
2021-10-04,The Wolf House,2018,https://boxd.it/i1vE,3.5
2021-10-05,Villains,2019,https://boxd.it/isnC,3.5
2021-10-07,Leprechaun,1993,https://boxd.it/1T2i,2
2021-10-07,Zombeavers,2014,https://boxd.it/7tKg,3
2021-10-07,The Haunting of Molly Hartley,2008,https://boxd.it/1Nti,3
2021-10-09,Two-Bit Waltz,2014,https://boxd.it/6Ju2,4
2021-10-09,Paddington 2,2017,https://boxd.it/bCF8,4.5
2021-10-09,Elle Fanning's Fan Fantasy,2017,https://boxd.it/gkv0,4
2021-10-10,Pontypool,2008,https://boxd.it/1yBw,3.5
2021-10-10,Curtains,1983,https://boxd.it/2hwc,4.5
2021-10-12,Suicide Club,2001,https://boxd.it/1RkY,3
2021-10-13,Squid Game,2021,https://boxd.it/x1OG,3.5
2021-10-13,Prince of Darkness,1987,https://boxd.it/1ZKq,3
2021-10-14,The Night House,2020,https://boxd.it/jZze,4.5
2021-10-15,Pulse,2001,https://boxd.it/1s3y,4
2021-10-15,Cure,1997,https://boxd.it/1blA,3
2021-10-16,April Fool's Day,1986,https://boxd.it/1wNq,3.5
2021-10-17,Cherry Falls,2000,https://boxd.it/1RyQ,4
2021-10-18,I Know What You Did Last Summer,1997,https://boxd.it/2588,4
2021-10-18,I Still Know What You Did Last Summer,1998,https://boxd.it/257O,2.5
2021-10-18,The Lodge,2019,https://boxd.it/h2c2,4.5
2021-10-19,I'll Always Know What You Did Last Summer,2006,https://boxd.it/257u,2
2021-10-19,Silent Madness,1984,https://boxd.it/WdG,1
2021-10-22,The Midnight Meat Train,2008,https://boxd.it/1WSw,3.5
2021-10-23,Thesis,1996,https://boxd.it/1Z1U,4
2021-10-24,Tucker and Dale vs. Evil,2010,https://boxd.it/Mce,2.5
2021-10-25,Eyes of a Stranger,1981,https://boxd.it/2LW0,2
2021-10-25,Lake Mungo,2008,https://boxd.it/1rWM,4.5
2021-10-25,Hello Mary Lou: Prom Night II,1987,https://boxd.it/12T4,4.5
2021-10-26,Hellbent,2004,https://boxd.it/KBm,3
2021-10-27,Martyrs,2008,https://boxd.it/1Yqu,0.5
2021-10-29,Dune,2021,https://boxd.it/fA7G,3.5
2021-10-29,Boogeyman,2005,https://boxd.it/1ZtY,2
2021-10-29,Gonjiam: Haunted Asylum,2018,https://boxd.it/ioyw,1.5
2021-10-30,Murder by Phone,1982,https://boxd.it/2RJG,3
2021-10-31,The Last House on the Left,2009,https://boxd.it/1H2q,3.5
2021-11-02,Black Christmas,2006,https://boxd.it/1Y7M,3.5
2021-11-02,The Haunting,1999,https://boxd.it/1Tpw,3
2021-11-03,The Haunting,1963,https://boxd.it/1T7M,3.5
2021-11-03,The ABCs of Death,2012,https://boxd.it/35HY,3
2021-11-07,Antlers,2021,https://boxd.it/iI50,3.5
2021-11-16,Tudo Bem,2020,https://boxd.it/s0MY,3.5
2021-11-22,Ice Princess,2005,https://boxd.it/1QjA,5
2021-11-27,Last Night in Soho,2021,https://boxd.it/lbJC,2.5
2021-12-08,Cheaper by the Dozen,2003,https://boxd.it/1USa,3
2021-12-11,Long Shot,2019,https://boxd.it/grG0,2
2021-12-12,Stuck in the Suburbs,2004,https://boxd.it/3QUA,3.5
2021-12-19,Chicken Run,2000,https://boxd.it/20Xg,4
2021-12-21,Shrek,2001,https://boxd.it/29zi,4.5
2021-12-24,Scream 3,2000,https://boxd.it/24Ei,4
2021-12-25,Shrek 2,2004,https://boxd.it/29z8,4.5
2022-01-14,Scream,2022,https://boxd.it/o0lg,5
2022-01-16,Mary and the Witch's Flower,2017,https://boxd.it/ffTY,3
2022-01-17,Looks That Kill,2020,https://boxd.it/mxWA,3
2022-01-23,Spell,2020,https://boxd.it/mZ50,1.5
2022-01-24,Happy as Lazzaro,2018,https://boxd.it/hiVs,1
2022-01-24,Dallas Buyers Club,2013,https://boxd.it/4O8G,0.5
2022-01-26,Cheaper by the Dozen 2,2005,https://boxd.it/1Yac,4
2022-01-28,The Fallout,2021,https://boxd.it/tViI,3.5
2022-01-31,Women on the Verge of a Nervous Breakdown,1988,https://boxd.it/24GI,3
2022-01-31,Twitches,2005,https://boxd.it/1BPw,4
2022-01-31,Ai Que Vida!,2008,https://boxd.it/acA,4
2022-01-31,Mother,2009,https://boxd.it/1m9g,4
2022-02-01,Wendy Wu: Homecoming Warrior,2006,https://boxd.it/d32,2.5
2022-02-01,The Woman in the House Across the Street from the Girl in the Window,2022,https://boxd.it/ywaO,2.5
